<?xml version="1.0"?>
<settings>
    <console>
        <colors>
            <color id="0" r="251" g="241" b="199"/>
            <color id="1" r="69" g="133" b="136"/>
            <color id="2" r="152" g="151" b="26"/>
            <color id="3" r="104" g="157" b="106"/>
            <color id="4" r="204" g="36" b="29"/>
            <color id="5" r="177" g="98" b="134"/>
            <color id="6" r="215" g="153" b="33"/>
            <color id="7" r="124" g="111" b="100"/>
            <color id="8" r="146" g="131" b="116"/>
            <color id="9" r="7" g="102" b="120"/>
            <color id="10" r="121" g="116" b="14"/>
            <color id="11" r="66" g="123" b="88"/>
            <color id="12" r="157" g="0" b="6"/>
            <color id="13" r="143" g="63" b="113"/>
            <color id="14" r="181" g="118" b="20"/>
            <color id="15" r="60" g="56" b="54"/>
        </colors>
    </console>
</settings>
